time,epoch,loss,val_loss,lr,overfit_detected
2024-05-28 16:38:27.072861,1,0.521,0.594,0.0,False
2024-05-28 16:38:27.209933,2,0.491,0.588,0.0,False
2024-05-28 16:38:27.341132,3,0.477,0.581,0.0,False
2024-05-28 16:38:27.479988,4,0.48,0.573,0.0,False
2024-05-28 16:38:27.616182,5,0.482,0.562,0.0,False
2024-05-28 16:38:27.760066,6,0.479,0.548,0.0,False
2024-05-28 16:38:27.898462,7,0.443,0.53,0.0,False
2024-05-28 16:38:28.042316,8,0.403,0.509,0.0,False
2024-05-28 16:38:28.188659,9,0.395,0.484,0.0,False
2024-05-28 16:38:28.320010,10,0.367,0.454,0.0,False
2024-05-28 16:38:28.450331,11,0.335,0.419,0.0,False
2024-05-28 16:38:28.571163,12,0.278,0.378,0.0,False
2024-05-28 16:38:28.694876,13,0.236,0.333,0.0,False
2024-05-28 16:38:28.826564,14,0.232,0.283,0.0,False
2024-05-28 16:38:28.955251,15,0.167,0.23,0.0,False
2024-05-28 16:38:29.092018,16,0.082,0.172,0.0,False
2024-05-28 16:38:29.223849,17,0.024,0.111,0.0,False
2024-05-28 16:38:29.357552,18,-0.057,0.05,0.0,False
2024-05-28 16:38:29.487126,19,-0.146,-0.003,0.0,False
2024-05-28 16:38:29.612487,20,-0.244,-0.036,0.0,False
2024-05-28 16:38:29.738128,21,-0.328,-0.039,0.0,False
2024-05-28 16:38:29.839938,22,-0.365,0.02,0.0,False
2024-05-28 16:38:29.942142,23,-0.461,0.01,0.0,False
2024-05-28 16:38:30.040050,24,-0.561,0.059,0.0,False
2024-05-28 16:38:30.141073,25,-0.64,0.467,0.0,False
2024-05-28 16:38:30.239588,26,-0.389,0.098,0.0,False
2024-05-28 16:38:30.341555,27,-0.535,0.017,0.0,False
2024-05-28 16:38:30.473902,28,-0.598,-0.084,0.0,False
2024-05-28 16:38:30.591462,29,-0.467,-0.086,0.0,False
2024-05-28 16:38:30.719111,30,-0.621,-0.232,0.0,False
2024-05-28 16:38:30.819851,31,-0.658,-0.138,0.0,False
2024-05-28 16:38:30.946654,32,-0.609,-0.299,0.0,False
2024-05-28 16:38:31.080970,33,-0.787,-0.335,0.0,False
2024-05-28 16:38:31.187092,34,-0.688,-0.287,0.0,False
2024-05-28 16:38:31.289941,35,-0.735,-0.335,0.0,False
2024-05-28 16:38:31.389812,36,-0.834,-0.302,0.0,False
2024-05-28 16:38:31.494287,37,-0.86,-0.259,0.0,False
2024-05-28 16:38:31.600065,38,-0.86,-0.29,0.0,False
2024-05-28 16:38:31.702888,39,-0.936,-0.219,0.0,False
2024-05-28 16:38:31.804490,40,-0.922,-0.203,0.0,False
2024-05-28 16:38:31.907008,41,-1.024,-0.116,0.0,False
2024-05-28 16:38:32.005655,42,-1.053,-0.042,0.0,False
2024-05-28 16:38:32.108429,43,-1.149,-0.006,0.0,False
2024-05-28 16:38:32.211312,44,-1.149,0.101,0.0,False
2024-05-28 16:38:32.314687,45,-1.204,0.285,0.0,True
2024-05-28 16:38:32.417775,46,-1.231,0.589,0.0,True
2024-05-28 16:38:32.519485,47,-1.135,0.732,0.0,True
2024-05-28 16:38:32.618002,48,-1.232,1.079,0.0,True
2024-05-28 16:38:32.719332,49,-1.039,1.193,0.0,True
2024-05-28 16:38:32.823683,50,-0.698,0.631,0.0,True
2024-05-28 16:38:32.921129,51,-1.121,0.911,0.0,True
2024-05-28 16:38:33.023164,52,-1.054,0.511,0.0,True
2024-05-28 16:38:33.135094,53,-1.223,0.643,0.0,True
2024-05-28 16:38:33.238350,54,-1.142,0.416,0.0,True
2024-05-28 16:38:33.342607,55,-1.293,0.475,0.0,True
2024-05-28 16:38:33.446826,56,-1.244,0.281,0.0,True
2024-05-28 16:38:33.549102,57,-1.348,0.223,0.0,True
2024-05-28 16:38:33.654697,58,-1.39,0.34,0.0,True
2024-05-28 16:38:33.755427,59,-1.336,0.387,0.0,True
2024-05-28 16:38:33.857145,60,-1.442,0.653,0.0,False
2024-05-28 16:38:33.957540,61,-1.407,0.793,0.0,False
2024-05-28 16:38:34.058742,62,-1.524,0.877,0.0,False
2024-05-28 16:38:34.159065,63,-1.541,1.113,0.0,False
2024-05-28 16:38:34.261547,64,-1.548,1.471,0.0,False
2024-05-28 16:38:34.360910,65,-1.565,1.775,0.0,True
2024-05-28 16:38:34.465472,66,-1.646,2.21,0.0,True
2024-05-28 16:38:34.565906,67,-1.582,2.695,0.0,True
2024-05-28 16:38:34.667069,68,-1.606,2.958,0.0,True
2024-05-28 16:38:34.769175,69,-1.686,3.362,0.0,True
2024-05-28 16:38:34.872659,70,-1.594,3.903,0.0,True
2024-05-28 16:38:34.971525,71,-1.419,3.814,0.0,True
2024-05-28 16:38:35.071893,72,-1.575,3.947,0.0,True
2024-05-28 16:38:35.174010,73,-1.454,3.883,0.0,True
2024-05-28 16:38:35.279077,74,-1.743,3.368,0.0,True
2024-05-28 16:38:35.379825,75,-1.77,3.158,0.0,True
2024-05-28 16:38:35.482504,76,-1.682,3.258,0.0,True
2024-05-28 16:38:35.584528,77,-1.819,3.555,0.0,True
2024-05-28 16:38:35.685600,78,-1.761,3.804,0.0,True
2024-05-28 16:38:35.787668,79,-1.889,3.812,0.0,True
2024-05-28 16:38:35.890731,80,-1.856,4.133,0.0,True
2024-05-28 16:38:35.992639,81,-1.824,4.653,0.0,True
2024-05-28 16:38:36.094810,82,-1.861,5.231,0.0,True
2024-05-28 16:38:36.196597,83,-1.964,5.691,0.0,True
2024-05-28 16:38:36.300684,84,-2.025,6.156,0.0,True
2024-05-28 16:38:36.405918,85,-1.88,7.022,0.0,True
2024-05-28 16:38:36.509036,86,-1.933,7.696,0.0,True
2024-05-28 16:38:36.611659,87,-1.923,8.223,0.0,True
2024-05-28 16:38:36.714851,88,-1.952,8.41,0.0,True
2024-05-28 16:38:36.817382,89,-2.006,8.793,0.0,True
2024-05-28 16:38:36.920859,90,-2.153,9.481,0.0,True
2024-05-28 16:38:37.022975,91,-1.983,10.06,0.0,True
2024-05-28 16:38:37.126488,92,-1.948,9.929,0.0,True
2024-05-28 16:38:37.229808,93,-2.014,9.577,0.0,True
2024-05-28 16:38:37.350694,94,-2.103,9.895,0.0,True
2024-05-28 16:38:37.457026,95,-2.066,10.058,0.0,True
2024-05-28 16:38:37.558340,96,-2.002,10.104,0.0,True
2024-05-28 16:38:37.659292,97,-2.052,10.668,0.0,True
2024-05-28 16:38:37.764802,98,-2.029,11.481,0.0,True
2024-05-28 16:38:37.865941,99,-1.947,10.738,0.0,True
2024-05-28 16:38:37.967670,100,-2.141,10.162,0.0,True
2024-05-28 16:38:38.071718,101,-2.086,10.006,0.0,True
2024-05-28 16:38:38.172233,102,-1.784,10.024,0.0,True
2024-05-28 16:38:38.274574,103,-1.974,10.336,0.0,True
2024-05-28 16:38:38.376626,104,-2.068,9.909,0.0,True
2024-05-28 16:38:38.479119,105,-2.033,9.154,0.0,True
2024-05-28 16:38:38.580704,106,-2.101,9.023,0.0,True
2024-05-28 16:38:38.683478,107,-2.084,9.433,0.0,True
2024-05-28 16:38:38.785562,108,-2.16,10.598,0.0,False
2024-05-28 16:38:38.890453,109,-2.053,11.442,0.0,False
2024-05-28 16:38:38.993140,110,-2.07,11.425,0.0,False
2024-05-28 16:38:39.093668,111,-2.249,11.762,0.0,True
2024-05-28 16:38:39.195658,112,-2.088,12.91,0.0,True
2024-05-28 16:38:39.298259,113,-2.063,14.048,0.0,True
2024-05-28 16:38:39.398441,114,-1.807,14.935,0.0,True
2024-05-28 16:38:39.500126,115,-2.144,14.207,0.0,True
2024-05-28 16:38:39.603974,116,-2.199,14.156,0.0,True
2024-05-28 16:38:39.705310,117,-2.156,14.958,0.0,True
2024-05-28 16:38:39.807417,118,-1.977,14.233,0.0,True
2024-05-28 16:38:39.908111,119,-1.931,13.808,0.0,True
2024-05-28 16:38:40.012192,120,-1.827,13.495,0.0,True
2024-05-28 16:38:40.113811,121,-2.104,12.916,0.0,True
2024-05-28 16:38:40.217354,122,-1.784,12.385,0.0,True
2024-05-28 16:38:40.317552,123,-1.97,12.335,0.0,True
2024-05-28 16:38:40.421133,124,-2.067,11.482,0.0,True
2024-05-28 16:38:40.521986,125,-2.044,11.118,0.0,True
2024-05-28 16:38:40.625556,126,-2.162,11.265,0.0,True
2024-05-28 16:38:40.728500,127,-2.101,10.748,0.0,False
2024-05-28 16:38:40.828169,128,-2.243,11.237,0.0,False
2024-05-28 16:38:40.929511,129,-2.203,11.757,0.0,False
2024-05-28 16:38:41.027427,130,-2.286,12.439,0.0,False
2024-05-28 16:38:41.129679,131,-2.333,13.31,0.0,False
2024-05-28 16:38:41.227469,132,-2.216,14.733,0.0,False
2024-05-28 16:38:41.332106,133,-2.18,16.064,0.0,False
2024-05-28 16:38:41.434798,134,-2.221,16.835,0.0,False
2024-05-28 16:38:41.535577,135,-2.251,17.214,0.0,False
2024-05-28 16:38:41.635916,136,-2.191,17.301,0.0,True
2024-05-28 16:38:41.732689,137,-2.26,18.225,0.0,True
2024-05-28 16:38:41.834804,138,-2.327,19.494,0.0,True
2024-05-28 16:38:41.935368,139,-2.253,20.597,0.0,True
2024-05-28 16:38:42.034792,140,-2.214,20.611,0.0,True
2024-05-28 16:38:42.131879,141,-2.333,20.785,0.0,True
2024-05-28 16:38:42.232454,142,-2.17,20.122,0.0,True
2024-05-28 16:38:42.332777,143,-2.28,19.806,0.0,True
2024-05-28 16:38:42.430401,144,-2.264,19.636,0.0,True
2024-05-28 16:38:42.532682,145,-2.229,19.86,0.0,True
2024-05-28 16:38:42.630662,146,-2.19,19.263,0.0,True
2024-05-28 16:38:42.733953,147,-2.37,18.845,0.0,True
2024-05-28 16:38:42.836963,148,-2.332,18.557,0.0,True
2024-05-28 16:38:42.933957,149,-2.411,19.067,0.0,True
2024-05-28 16:38:43.037657,150,-2.292,19.392,0.0,True
2024-05-28 16:38:43.138340,151,-2.055,19.103,0.0,True
2024-05-28 16:38:43.240384,152,-2.317,19.23,0.0,False
2024-05-28 16:38:43.344487,153,-2.07,18.483,0.0,False
2024-05-28 16:38:43.446097,154,-2.245,18.352,0.0,False
2024-05-28 16:38:43.551848,155,-2.255,17.618,0.0,False
2024-05-28 16:38:43.657013,156,-2.288,17.544,0.0,False
2024-05-28 16:38:43.761530,157,-2.285,17.735,0.0,False
2024-05-28 16:38:43.860971,158,-2.135,17.845,0.0,False
2024-05-28 16:38:43.963132,159,-2.362,18.099,0.0,False
2024-05-28 16:38:44.070530,160,-2.313,18.521,0.0,False
2024-05-28 16:38:44.174831,161,-2.244,18.539,0.0,False
2024-05-28 16:38:44.278353,162,-2.316,18.541,0.0,False
2024-05-28 16:38:44.380630,163,-2.359,19.231,0.0,False
2024-05-28 16:38:44.480658,164,-2.432,19.566,0.0,False
2024-05-28 16:38:44.585717,165,-2.387,20.312,0.0,False
2024-05-28 16:38:44.688205,166,-2.298,21.215,0.0,False
2024-05-28 16:38:44.791140,167,-2.394,21.704,0.0,True
2024-05-28 16:38:44.893825,168,-2.313,21.973,0.0,True
2024-05-28 16:38:44.998375,169,-2.383,22.503,0.0,True
2024-05-28 16:38:45.099704,170,-2.355,22.241,0.0,True
2024-05-28 16:38:45.199925,171,-2.15,22.43,0.0,True
2024-05-28 16:38:45.302828,172,-2.169,21.913,0.0,True
2024-05-28 16:38:45.407464,173,-2.261,20.884,0.0,True
2024-05-28 16:38:45.507252,174,-2.303,20.607,0.0,True
2024-05-28 16:38:45.611737,175,-2.343,20.335,0.0,True
2024-05-28 16:38:45.712883,176,-2.323,20.546,0.0,True
2024-05-28 16:38:45.814165,177,-2.295,20.711,0.0,True
2024-05-28 16:38:45.917350,178,-2.341,20.337,0.0,True
2024-05-28 16:38:46.020689,179,-2.385,20.25,0.0,True
2024-05-28 16:38:46.122990,180,-2.413,20.577,0.0,False
2024-05-28 16:38:46.224722,181,-2.372,21.374,0.0,False
2024-05-28 16:38:46.331288,182,-2.253,21.438,0.0,False
2024-05-28 16:38:46.436736,183,-2.381,21.193,0.0,False
2024-05-28 16:38:46.543434,184,-2.297,21.19,0.0,False
2024-05-28 16:38:46.672011,185,-2.264,21.686,0.0,False
2024-05-28 16:38:46.777721,186,-2.483,22.598,0.0,False
2024-05-28 16:38:46.878143,187,-2.338,23.222,0.0,False
2024-05-28 16:38:46.980317,188,-2.305,22.673,0.0,True
2024-05-28 16:38:47.083380,189,-2.368,22.34,0.0,True
2024-05-28 16:38:47.186696,190,-2.318,22.758,0.0,True
2024-05-28 16:38:47.289514,191,-2.368,22.951,0.0,True
2024-05-28 16:38:47.390648,192,-2.382,23.253,0.0,True
2024-05-28 16:38:47.494762,193,-2.268,23.218,0.0,True
2024-05-28 16:38:47.598758,194,-2.308,22.94,0.0,True
2024-05-28 16:38:47.703694,195,-2.304,22.95,0.0,True
2024-05-28 16:38:47.809408,196,-2.271,23.901,0.0,True
2024-05-28 16:38:47.917428,197,-2.306,24.742,0.0,True
2024-05-28 16:38:48.022197,198,-2.074,24.848,0.0,True
2024-05-28 16:38:48.126510,199,-2.504,24.188,0.0,True
2024-05-28 16:38:48.233019,200,-2.481,23.472,0.0,True
2024-05-28 16:38:48.336312,201,-2.343,23.655,0.0,True
2024-05-28 16:38:48.441244,202,-2.412,24.288,0.0,True
2024-05-28 16:38:48.545625,203,-2.478,24.748,0.0,True
2024-05-28 16:38:48.650474,204,-2.491,25.306,0.0,True
2024-05-28 16:38:48.754451,205,-2.509,25.914,0.0,True
2024-05-28 16:38:48.859717,206,-2.511,26.48,0.0,True
2024-05-28 16:38:48.964656,207,-2.409,27.034,0.0,True
2024-05-28 16:38:49.067477,208,-2.467,27.624,0.0,True
2024-05-28 16:38:49.168817,209,-2.458,28.237,0.0,True
2024-05-28 16:38:49.267131,210,-2.391,28.403,0.0,True
2024-05-28 16:38:49.373664,211,-2.531,28.489,0.0,True
2024-05-28 16:38:49.474687,212,-2.618,28.682,0.0,True
2024-05-28 16:38:49.577489,213,-2.472,28.567,0.0,True
2024-05-28 16:38:49.675300,214,-2.492,29.216,0.0,True
2024-05-28 16:38:49.776893,215,-2.403,30.615,0.0,True
2024-05-28 16:38:49.879018,216,-2.166,29.573,0.0,True
2024-05-28 16:38:49.976246,217,-2.226,28.455,0.0,True
2024-05-28 16:38:50.075219,218,-2.336,27.807,0.0,True
2024-05-28 16:38:50.178047,219,-2.507,27.325,0.0,True
2024-05-28 16:38:50.280160,220,-2.257,27.285,0.0,True
2024-05-28 16:38:50.379877,221,-2.399,26.959,0.0,True
2024-05-28 16:38:50.484021,222,-2.425,26.235,0.0,True
2024-05-28 16:38:50.587063,223,-2.196,25.827,0.0,False
2024-05-28 16:38:50.685126,224,-2.429,26.099,0.0,False
2024-05-28 16:38:50.787099,225,-2.414,26.047,0.0,False
2024-05-28 16:38:50.889672,226,-2.311,25.095,0.0,False
2024-05-28 16:38:50.990279,227,-2.518,24.241,0.0,False
2024-05-28 16:38:51.089673,228,-2.492,23.94,0.0,False
2024-05-28 16:38:51.190764,229,-2.379,24.318,0.0,False
2024-05-28 16:38:51.292000,230,-2.487,25.068,0.0,False
2024-05-28 16:38:51.391919,231,-2.437,25.464,0.0,False
2024-05-28 16:38:51.496776,232,-2.545,25.581,0.0,False
2024-05-28 16:38:51.598434,233,-2.542,25.905,0.0,False
2024-05-28 16:38:51.698623,234,-2.536,26.429,0.0,False
2024-05-28 16:38:51.802156,235,-2.516,27.269,0.0,False
2024-05-28 16:38:51.905636,236,-2.471,27.946,0.0,False
2024-05-28 16:38:52.007686,237,-2.668,28.358,0.0,False
2024-05-28 16:38:52.111541,238,-2.498,28.419,0.0,True
2024-05-28 16:38:52.214180,239,-2.574,28.871,0.0,True
2024-05-28 16:38:52.312016,240,-2.487,29.818,0.0,True
2024-05-28 16:38:52.410548,241,-2.414,30.846,0.0,True
2024-05-28 16:38:52.511805,242,-2.448,31.493,0.0,True
2024-05-28 16:38:52.616985,243,-2.368,30.895,0.0,True
2024-05-28 16:38:52.718504,244,-2.61,30.854,0.0,True
2024-05-28 16:38:52.821104,245,-2.212,30.681,0.0,True
2024-05-28 16:38:52.924401,246,-2.525,30.611,0.0,True
2024-05-28 16:38:53.022881,247,-2.413,30.15,0.0,True
2024-05-28 16:38:53.121814,248,-2.308,29.266,0.0,True
2024-05-28 16:38:53.221038,249,-2.488,28.718,0.0,True
2024-05-28 16:38:53.323729,250,-2.505,28.054,0.0,True
2024-05-28 16:38:53.424162,251,-2.63,27.983,0.0,True
2024-05-28 16:38:53.525560,252,-2.481,28.053,0.0,True
2024-05-28 16:38:53.626639,253,-2.499,28.301,0.0,True
2024-05-28 16:38:53.728010,254,-2.47,28.191,0.0,False
2024-05-28 16:38:53.832490,255,-2.453,28.091,0.0,False
2024-05-28 16:38:53.934671,256,-2.567,28.268,0.0,False
2024-05-28 16:38:54.038611,257,-2.482,28.584,0.0,False
2024-05-28 16:38:54.139911,258,-2.529,28.942,0.0,False
2024-05-28 16:38:54.242754,259,-2.539,29.502,0.0,False
2024-05-28 16:38:54.346298,260,-2.389,29.409,0.0,False
2024-05-28 16:38:54.449502,261,-2.576,29.865,0.0,False
2024-05-28 16:38:54.554955,262,-2.441,30.036,0.0,False
2024-05-28 16:38:54.656691,263,-2.58,30.647,0.0,True
2024-05-28 16:38:54.759058,264,-2.438,30.919,0.0,True
2024-05-28 16:38:54.860624,265,-2.416,31.13,0.0,True
2024-05-28 16:38:54.965234,266,-2.53,30.87,0.0,True
2024-05-28 16:38:55.070573,267,-2.447,30.804,0.0,True
2024-05-28 16:38:55.173130,268,-2.442,31.055,0.0,True
2024-05-28 16:38:55.274849,269,-2.388,30.709,0.0,True
2024-05-28 16:38:55.379334,270,-2.563,31.207,0.0,True
2024-05-28 16:38:55.480140,271,-2.513,31.225,0.0,True
2024-05-28 16:38:55.583658,272,-2.292,30.935,0.0,True
2024-05-28 16:38:55.686813,273,-2.537,30.348,0.0,True
2024-05-28 16:38:55.787455,274,-2.511,29.77,0.0,True
2024-05-28 16:38:55.890533,275,-2.643,29.636,0.0,True
2024-05-28 16:38:55.992195,276,-2.545,30.122,0.0,True
2024-05-28 16:38:56.096026,277,-2.579,30.452,0.0,True
2024-05-28 16:38:56.199568,278,-2.627,30.683,0.0,False
2024-05-28 16:38:56.324119,279,-2.711,30.848,0.0,False
2024-05-28 16:38:56.423823,280,-2.544,31.048,0.0,False
2024-05-28 16:38:56.524140,281,-2.585,31.535,0.0,False
2024-05-28 16:38:56.626581,282,-2.377,31.697,0.0,False
2024-05-28 16:38:56.731811,283,-2.508,31.948,0.0,False
2024-05-28 16:38:56.838193,284,-2.601,32.275,0.0,True
2024-05-28 16:38:56.941031,285,-2.363,32.284,0.0,True
2024-05-28 16:38:57.045583,286,-2.555,32.369,0.0,True
2024-05-28 16:38:57.147861,287,-2.565,32.249,0.0,True
2024-05-28 16:38:57.248222,288,-2.615,32.493,0.0,True
2024-05-28 16:38:57.352302,289,-2.61,32.955,0.0,True
2024-05-28 16:38:57.454740,290,-2.548,33.534,0.0,True
2024-05-28 16:38:57.555803,291,-2.476,33.973,0.0,True
2024-05-28 16:38:57.658998,292,-2.581,34.354,0.0,True
2024-05-28 16:38:57.762720,293,-2.533,34.633,0.0,True
2024-05-28 16:38:57.864907,294,-2.482,34.954,0.0,True
2024-05-28 16:38:57.966081,295,-2.474,34.915,0.0,True
2024-05-28 16:38:58.068315,296,-2.509,34.86,0.0,True
2024-05-28 16:38:58.169588,297,-2.712,34.97,0.0,True
2024-05-28 16:38:58.270730,298,-2.502,34.889,0.0,True
2024-05-28 16:38:58.374802,299,-2.535,34.811,0.0,True
2024-05-28 16:38:58.477552,300,-2.667,34.81,0.0,True
2024-05-28 16:38:58.578042,301,-2.693,35.227,0.0,True
2024-05-28 16:38:58.681464,302,-2.577,35.66,0.0,True
2024-05-28 16:38:58.782275,303,-2.595,35.692,0.0,True
2024-05-28 16:38:58.885260,304,-2.592,35.571,0.0,True
2024-05-28 16:38:58.986424,305,-2.618,35.612,0.0,True
2024-05-28 16:38:59.086003,306,-2.641,35.866,0.0,True
2024-05-28 16:38:59.189736,307,-2.596,36.248,0.0,True
2024-05-28 16:38:59.291745,308,-2.694,36.792,0.0,True
2024-05-28 16:38:59.390244,309,-2.481,37.056,0.0,True
2024-05-28 16:38:59.491916,310,-2.636,37.161,0.0,True
2024-05-28 16:38:59.592050,311,-2.512,37.173,0.0,True
2024-05-28 16:38:59.692870,312,-2.621,37.407,0.0,True
2024-05-28 16:38:59.790553,313,-2.594,37.331,0.0,True
2024-05-28 16:38:59.887940,314,-2.577,37.554,0.0,True
2024-05-28 16:38:59.990328,315,-2.723,37.506,0.0,True
2024-05-28 16:39:00.088446,316,-2.598,37.785,0.0,True
2024-05-28 16:39:00.191761,317,-2.477,37.65,0.0,True
2024-05-28 16:39:00.294379,318,-2.651,37.869,0.0,True
2024-05-28 16:39:00.393210,319,-2.429,38.096,0.0,True
2024-05-28 16:39:00.492711,320,-2.392,38.072,0.0,True
2024-05-28 16:39:00.594020,321,-2.51,37.453,0.0,True
2024-05-28 16:39:00.696724,322,-2.672,37.136,0.0,True
2024-05-28 16:39:00.799835,323,-2.619,36.916,0.0,True
2024-05-28 16:39:00.903992,324,-2.694,36.74,0.0,True
2024-05-28 16:39:01.005845,325,-2.658,36.68,0.0,True
2024-05-28 16:39:01.108775,326,-2.622,36.718,0.0,True
2024-05-28 16:39:01.211665,327,-2.663,37.139,0.0,False
2024-05-28 16:39:01.318921,328,-2.712,37.515,0.0,False
2024-05-28 16:39:01.420477,329,-2.66,37.665,0.0,False
2024-05-28 16:39:01.519073,330,-2.473,37.633,0.0,False
2024-05-28 16:39:01.619659,331,-2.447,37.197,0.0,False
2024-05-28 16:39:01.724609,332,-2.711,37.336,0.0,False
2024-05-28 16:39:01.821930,333,-2.271,37.141,0.0,False
2024-05-28 16:39:01.925130,334,-2.607,37.377,0.0,False
2024-05-28 16:39:02.023730,335,-2.391,37.276,0.0,False
2024-05-28 16:39:02.126468,336,-2.532,37.045,0.0,False
2024-05-28 16:39:02.228404,337,-2.424,36.96,0.0,True
2024-05-28 16:39:02.331283,338,-2.534,36.66,0.0,True
2024-05-28 16:39:02.432804,339,-2.623,36.455,0.0,True
2024-05-28 16:39:02.535010,340,-2.694,36.214,0.0,False
2024-05-28 16:39:02.637633,341,-2.643,36.162,0.0,False
2024-05-28 16:39:02.740878,342,-2.629,36.328,0.0,False
2024-05-28 16:39:02.843665,343,-2.516,36.583,0.0,False
2024-05-28 16:39:02.946035,344,-2.621,36.9,0.0,False
2024-05-28 16:39:03.049852,345,-2.558,36.855,0.0,False
2024-05-28 16:39:03.147267,346,-2.655,36.737,0.0,False
2024-05-28 16:39:03.246997,347,-2.579,36.803,0.0,False
2024-05-28 16:39:03.348797,348,-2.604,36.905,0.0,False
2024-05-28 16:39:03.449536,349,-2.798,37.175,0.0,False
2024-05-28 16:39:03.549312,350,-2.654,37.281,0.0,False
2024-05-28 16:39:03.651708,351,-2.671,37.28,0.0,False
2024-05-28 16:39:03.751981,352,-2.525,37.445,0.0,False
2024-05-28 16:39:03.854984,353,-2.649,37.811,0.0,True
2024-05-28 16:39:03.956064,354,-2.68,38.218,0.0,True
2024-05-28 16:39:04.056756,355,-2.68,38.431,0.0,True
2024-05-28 16:39:04.161368,356,-2.674,38.499,0.0,True
2024-05-28 16:39:04.267827,357,-2.705,38.479,0.0,True
2024-05-28 16:39:04.374186,358,-2.709,38.524,0.0,True
2024-05-28 16:39:04.477124,359,-2.623,38.667,0.0,True
2024-05-28 16:39:04.581758,360,-2.642,38.772,0.0,True
2024-05-28 16:39:04.685421,361,-2.574,39.288,0.0,True
2024-05-28 16:39:04.788047,362,-2.689,39.853,0.0,True
2024-05-28 16:39:04.891251,363,-2.629,40.109,0.0,True
2024-05-28 16:39:04.990986,364,-2.62,40.124,0.0,True
2024-05-28 16:39:05.094643,365,-2.662,39.803,0.0,True
2024-05-28 16:39:05.199838,366,-2.593,39.375,0.0,True
2024-05-28 16:39:05.302610,367,-2.434,39.206,0.0,True
2024-05-28 16:39:05.403762,368,-2.729,39.233,0.0,True
2024-05-28 16:39:05.505954,369,-2.794,39.379,0.0,True
2024-05-28 16:39:05.611488,370,-2.64,39.458,0.0,True
2024-05-28 16:39:05.714046,371,-2.584,39.527,0.0,True
2024-05-28 16:39:05.813895,372,-2.717,39.617,0.0,True
2024-05-28 16:39:05.912853,373,-2.663,39.632,0.0,True
2024-05-28 16:39:06.019347,374,-2.715,39.666,0.0,True
2024-05-28 16:39:06.123289,375,-2.779,39.791,0.0,True
2024-05-28 16:39:06.223416,376,-2.66,39.933,0.0,True
2024-05-28 16:39:06.326633,377,-2.62,40.126,0.0,True
2024-05-28 16:39:06.429311,378,-2.646,40.293,0.0,True
2024-05-28 16:39:06.530163,379,-2.686,40.406,0.0,True
2024-05-28 16:39:06.632809,380,-2.597,40.508,0.0,True
2024-05-28 16:39:06.740404,381,-2.572,40.577,0.0,True
2024-05-28 16:39:06.849767,382,-2.725,40.626,0.0,True
2024-05-28 16:39:06.952899,383,-2.777,40.699,0.0,True
2024-05-28 16:39:07.058263,384,-2.716,40.841,0.0,True
2024-05-28 16:39:07.172177,385,-2.716,41.019,0.0,True
2024-05-28 16:39:07.297919,386,-2.742,41.225,0.0,True
2024-05-28 16:39:07.411697,387,-2.702,41.454,0.0,True
2024-05-28 16:39:07.515450,388,-2.645,41.524,0.0,True
2024-05-28 16:39:07.619548,389,-2.712,41.514,0.0,True
2024-05-28 16:39:07.725734,390,-2.794,41.579,0.0,True
2024-05-28 16:39:07.831104,391,-2.727,41.607,0.0,True
2024-05-28 16:39:07.933153,392,-2.679,41.563,0.0,True
2024-05-28 16:39:08.035696,393,-2.664,41.513,0.0,True
2024-05-28 16:39:08.139049,394,-2.624,41.49,0.0,True
2024-05-28 16:39:08.241908,395,-2.545,41.545,0.0,True
2024-05-28 16:39:08.344894,396,-2.61,41.638,0.0,True
2024-05-28 16:39:08.446446,397,-2.749,41.717,0.0,True
2024-05-28 16:39:08.548914,398,-2.779,41.782,0.0,True
2024-05-28 16:39:08.652969,399,-2.604,41.784,0.0,True
2024-05-28 16:39:08.758578,400,-2.747,41.754,0.0,True
2024-05-28 16:39:08.865797,401,-2.79,41.766,0.0,True
2024-05-28 16:39:08.969070,402,-2.71,41.755,0.0,True
2024-05-28 16:39:09.070182,403,-2.61,41.794,0.0,True
2024-05-28 16:39:09.167817,404,-2.692,41.915,0.0,True
2024-05-28 16:39:09.271758,405,-2.656,42.137,0.0,True
2024-05-28 16:39:09.370036,406,-2.681,42.315,0.0,True
2024-05-28 16:39:09.472034,407,-2.815,42.477,0.0,True
2024-05-28 16:39:09.575003,408,-2.765,42.565,0.0,True
2024-05-28 16:39:09.673744,409,-2.622,42.63,0.0,True
2024-05-28 16:39:09.775941,410,-2.696,42.7,0.0,True
2024-05-28 16:39:09.879604,411,-2.733,42.791,0.0,True
2024-05-28 16:39:09.978054,412,-2.713,42.826,0.0,True
2024-05-28 16:39:10.079042,413,-2.666,42.775,0.0,True
2024-05-28 16:39:10.184125,414,-2.657,42.645,0.0,True
2024-05-28 16:39:10.283568,415,-2.756,42.601,0.0,True
2024-05-28 16:39:10.385793,416,-2.747,42.601,0.0,True
2024-05-28 16:39:10.489896,417,-2.75,42.621,0.0,True
2024-05-28 16:39:10.594089,418,-2.65,42.694,0.0,True
2024-05-28 16:39:10.697787,419,-2.729,42.824,0.0,True
2024-05-28 16:39:10.802239,420,-2.763,42.942,0.0,True
2024-05-28 16:39:10.905049,421,-2.722,43.041,0.0,True
2024-05-28 16:39:11.009002,422,-2.717,43.087,0.0,True
2024-05-28 16:39:11.111406,423,-2.646,43.122,0.0,True
2024-05-28 16:39:11.213238,424,-2.726,43.172,0.0,True
2024-05-28 16:39:11.314736,425,-2.712,43.196,0.0,True
2024-05-28 16:39:11.415045,426,-2.737,43.202,0.0,True
2024-05-28 16:39:11.519398,427,-2.635,43.235,0.0,True
2024-05-28 16:39:11.622348,428,-2.837,43.325,0.0,True
2024-05-28 16:39:11.724278,429,-2.745,43.407,0.0,True
2024-05-28 16:39:11.825683,430,-2.741,43.372,0.0,True
2024-05-28 16:39:11.930168,431,-2.646,43.234,0.0,True
2024-05-28 16:39:12.034713,432,-2.663,43.092,0.0,True
2024-05-28 16:39:12.135677,433,-2.674,43.082,0.0,True
2024-05-28 16:39:12.235869,434,-2.687,43.146,0.0,True
2024-05-28 16:39:12.337178,435,-2.582,43.178,0.0,True
2024-05-28 16:39:12.438405,436,-2.66,43.17,0.0,True
2024-05-28 16:39:12.537002,437,-2.784,43.201,0.0,True
2024-05-28 16:39:12.640022,438,-2.624,43.288,0.0,True
2024-05-28 16:39:12.743761,439,-2.588,43.327,0.0,True
2024-05-28 16:39:12.847139,440,-2.861,43.334,0.0,False
2024-05-28 16:39:12.945907,441,-2.723,43.35,0.0,False
2024-05-28 16:39:13.046529,442,-2.785,43.349,0.0,True
2024-05-28 16:39:13.152713,443,-2.724,43.348,0.0,True
2024-05-28 16:39:13.256963,444,-2.706,43.35,0.0,True
2024-05-28 16:39:13.363376,445,-2.771,43.35,0.0,True
2024-05-28 16:39:13.469827,446,-2.681,43.322,0.0,True
2024-05-28 16:39:13.575274,447,-2.568,43.271,0.0,True
2024-05-28 16:39:13.675771,448,-2.585,43.237,0.0,True
2024-05-28 16:39:13.779454,449,-2.734,43.226,0.0,True
2024-05-28 16:39:13.884300,450,-2.714,43.213,0.0,True
2024-05-28 16:39:13.990772,451,-2.852,43.225,0.0,True
2024-05-28 16:39:14.099830,452,-2.834,43.259,0.0,False
2024-05-28 16:39:14.204901,453,-2.763,43.314,0.0,False
2024-05-28 16:39:14.312349,454,-2.74,43.348,0.0,False
2024-05-28 16:39:14.416844,455,-2.746,43.38,0.0,False
2024-05-28 16:39:14.522850,456,-2.692,43.4,0.0,False
2024-05-28 16:39:14.627176,457,-2.714,43.412,0.0,False
2024-05-28 16:39:14.735350,458,-2.675,43.433,0.0,False
2024-05-28 16:39:14.847919,459,-2.828,43.455,0.0,True
2024-05-28 16:39:14.955057,460,-2.711,43.486,0.0,True
2024-05-28 16:39:15.062806,461,-2.734,43.499,0.0,True
2024-05-28 16:39:15.169937,462,-2.769,43.52,0.0,True
2024-05-28 16:39:15.274850,463,-2.703,43.539,0.0,True
2024-05-28 16:39:15.381880,464,-2.699,43.564,0.0,True
2024-05-28 16:39:15.486434,465,-2.692,43.577,0.0,True
2024-05-28 16:39:15.596300,466,-2.756,43.59,0.0,True
2024-05-28 16:39:15.700693,467,-2.736,43.605,0.0,True
2024-05-28 16:39:15.803633,468,-2.796,43.623,0.0,True
2024-05-28 16:39:15.904757,469,-2.707,43.645,0.0,True
2024-05-28 16:39:16.009108,470,-2.743,43.662,0.0,True
2024-05-28 16:39:16.110799,471,-2.716,43.678,0.0,True
2024-05-28 16:39:16.219324,472,-2.578,43.688,0.0,True
2024-05-28 16:39:16.325828,473,-2.74,43.7,0.0,True
2024-05-28 16:39:16.433154,474,-2.685,43.707,0.0,True
2024-05-28 16:39:16.538505,475,-2.664,43.705,0.0,True
2024-05-28 16:39:16.641441,476,-2.731,43.703,0.0,True
2024-05-28 16:39:16.746371,477,-2.785,43.698,0.0,True
2024-05-28 16:39:16.851739,478,-2.732,43.694,0.0,True
2024-05-28 16:39:16.959613,479,-2.64,43.69,0.0,True
2024-05-28 16:39:17.060729,480,-2.822,43.685,0.0,True
2024-05-28 16:39:17.163869,481,-2.736,43.68,0.0,True
2024-05-28 16:39:17.273979,482,-2.823,43.674,0.0,True
2024-05-28 16:39:17.375797,483,-2.726,43.669,0.0,True
2024-05-28 16:39:17.479827,484,-2.651,43.666,0.0,True
2024-05-28 16:39:17.583725,485,-2.652,43.664,0.0,True
2024-05-28 16:39:17.686981,486,-2.757,43.662,0.0,False
2024-05-28 16:39:17.791509,487,-2.788,43.661,0.0,False
2024-05-28 16:39:17.894750,488,-2.802,43.661,0.0,False
2024-05-28 16:39:17.997490,489,-2.603,43.662,0.0,False
2024-05-28 16:39:18.101521,490,-2.75,43.663,0.0,False
2024-05-28 16:39:18.205624,491,-2.553,43.663,0.0,False
2024-05-28 16:39:18.308344,492,-2.73,43.662,0.0,False
2024-05-28 16:39:18.411705,493,-2.778,43.662,0.0,False
2024-05-28 16:39:18.515601,494,-2.581,43.662,0.0,False
2024-05-28 16:39:18.619926,495,-2.724,43.661,0.0,False
2024-05-28 16:39:18.739167,496,-2.761,43.661,0.0,False
2024-05-28 16:39:18.841576,497,-2.728,43.661,0.0,False
2024-05-28 16:39:18.946378,498,-2.594,43.661,0.0,False
2024-05-28 16:39:19.049090,499,-2.73,43.661,0.0,False
2024-05-28 16:39:19.152249,500,-2.642,43.661,0.0,False
2024-05-28 16:39:19.257973,501,-2.575,45.102,0.0,False
2024-05-28 16:39:19.360262,502,-2.671,45.403,0.0,False
2024-05-28 16:39:19.464052,503,-2.483,44.561,0.0,False
2024-05-28 16:39:19.568515,504,-2.522,44.317,0.0,False
2024-05-28 16:39:19.668714,505,-2.253,43.284,0.0,False
2024-05-28 16:39:19.773445,506,-1.706,39.049,0.0,False
2024-05-28 16:39:19.875307,507,-1.723,32.434,0.0,False
2024-05-28 16:39:19.975537,508,-2.018,29.25,0.0,False
2024-05-28 16:39:20.077731,509,-2.205,25.504,0.0,False
2024-05-28 16:39:20.184345,510,-2.141,22.774,0.0,False
2024-05-28 16:39:20.282153,511,-2.528,21.245,0.0,False
2024-05-28 16:39:20.384224,512,-2.328,19.639,0.0,False
2024-05-28 16:39:20.482231,513,-2.413,19.272,0.0,False
2024-05-28 16:39:20.583834,514,-2.417,19.724,0.0,False
2024-05-28 16:39:20.681906,515,-2.29,20.114,0.0,False
2024-05-28 16:39:20.784105,516,-2.469,20.41,0.0,False
2024-05-28 16:39:20.882641,517,-2.362,20.774,0.0,False
2024-05-28 16:39:20.983950,518,-2.465,21.937,0.0,False
2024-05-28 16:39:21.087073,519,-2.391,23.072,0.0,False
2024-05-28 16:39:21.188788,520,-2.513,24.882,0.0,False
2024-05-28 16:39:21.293233,521,-2.53,26.359,0.0,False
2024-05-28 16:39:21.390771,522,-2.618,28.503,0.0,False
2024-05-28 16:39:21.491116,523,-2.531,30.231,0.0,False
2024-05-28 16:39:21.594620,524,-2.626,32.035,0.0,False
2024-05-28 16:39:21.696798,525,-2.62,34.209,0.0,True
2024-05-28 16:39:21.798140,526,-2.642,36.64,0.0,True
2024-05-28 16:39:21.901511,527,-2.566,38.566,0.0,True
2024-05-28 16:39:22.003941,528,-2.735,40.515,0.0,True
2024-05-28 16:39:22.106107,529,-2.701,42.617,0.0,True
2024-05-28 16:39:22.205650,530,-2.663,44.273,0.0,True
2024-05-28 16:39:22.309145,531,-2.379,44.797,0.0,True
2024-05-28 16:39:22.412219,532,-2.418,44.414,0.0,True
2024-05-28 16:39:22.514559,533,-2.021,43.284,0.0,True
2024-05-28 16:39:22.618330,534,-1.873,38.521,0.0,True
2024-05-28 16:39:22.722736,535,-1.943,32.359,0.0,True
2024-05-28 16:39:22.823526,536,-2.296,28.323,0.0,True
2024-05-28 16:39:22.927096,537,-2.258,26.221,0.0,True
2024-05-28 16:39:23.026324,538,-2.526,24.962,0.0,True
2024-05-28 16:39:23.130025,539,-2.461,24.094,0.0,True
2024-05-28 16:39:23.232134,540,-2.448,23.292,0.0,False
2024-05-28 16:39:23.337125,541,-2.509,22.939,0.0,False
2024-05-28 16:39:23.437793,542,-2.5,23.106,0.0,False
2024-05-28 16:39:23.540933,543,-2.418,23.866,0.0,False
2024-05-28 16:39:23.641885,544,-2.538,25.301,0.0,False
2024-05-28 16:39:23.739322,545,-2.446,26.05,0.0,False
2024-05-28 16:39:23.842089,546,-2.498,26.926,0.0,False
2024-05-28 16:39:23.945282,547,-2.55,28.65,0.0,False
2024-05-28 16:39:24.049101,548,-2.412,29.952,0.0,False
2024-05-28 16:39:24.151914,549,-2.536,31.096,0.0,False
2024-05-28 16:39:24.256721,550,-2.543,31.49,0.0,False
2024-05-28 16:39:24.363003,551,-2.559,31.698,0.0,True
2024-05-28 16:39:24.471167,552,-2.53,32.863,0.0,True
2024-05-28 16:39:24.576090,553,-2.633,34.868,0.0,True
2024-05-28 16:39:24.680025,554,-2.62,35.845,0.0,True
2024-05-28 16:39:24.780486,555,-2.553,35.539,0.0,True
2024-05-28 16:39:24.883646,556,-2.447,35.344,0.0,True
2024-05-28 16:39:24.987967,557,-2.515,36.584,0.0,True
2024-05-28 16:39:25.092788,558,-2.706,38.679,0.0,True
2024-05-28 16:39:25.196071,559,-2.625,39.444,0.0,True
2024-05-28 16:39:25.299432,560,-2.518,38.855,0.0,True
2024-05-28 16:39:25.401184,561,-2.58,38.448,0.0,True
2024-05-28 16:39:25.504750,562,-2.533,38.836,0.0,True
2024-05-28 16:39:25.609201,563,-2.653,39.628,0.0,True
2024-05-28 16:39:25.714328,564,-2.635,39.546,0.0,True
2024-05-28 16:39:25.817938,565,-2.499,38.9,0.0,True
2024-05-28 16:39:25.923093,566,-2.384,38.749,0.0,True
2024-05-28 16:39:26.026038,567,-2.369,38.143,0.0,True
2024-05-28 16:39:26.131107,568,-2.316,36.805,0.0,True
2024-05-28 16:39:26.231944,569,-2.514,35.241,0.0,True
2024-05-28 16:39:26.336018,570,-2.358,32.599,0.0,True
2024-05-28 16:39:26.436238,571,-2.433,31.135,0.0,True
2024-05-28 16:39:26.539397,572,-2.541,30.244,0.0,False
2024-05-28 16:39:26.643103,573,-2.405,28.981,0.0,False
2024-05-28 16:39:26.747783,574,-2.491,27.513,0.0,False
2024-05-28 16:39:26.851304,575,-2.485,27.276,0.0,False
2024-05-28 16:39:26.954658,576,-2.431,28.044,0.0,False
2024-05-28 16:39:27.057083,577,-2.298,28.533,0.0,False
2024-05-28 16:39:27.162638,578,-2.409,27.954,0.0,False
2024-05-28 16:39:27.262631,579,-2.57,27.419,0.0,False
2024-05-28 16:39:27.367477,580,-2.545,27.285,0.0,False
2024-05-28 16:39:27.470895,581,-2.601,28.346,0.0,False
2024-05-28 16:39:27.574185,582,-2.693,29.909,0.0,False
2024-05-28 16:39:27.677264,583,-2.451,30.781,0.0,False
2024-05-28 16:39:27.780999,584,-2.536,30.774,0.0,False
2024-05-28 16:39:27.885950,585,-2.461,31.264,0.0,False
2024-05-28 16:39:27.989849,586,-2.56,32.671,0.0,False
2024-05-28 16:39:28.117330,587,-2.403,33.466,0.0,True
2024-05-28 16:39:28.220569,588,-2.411,33.431,0.0,True
2024-05-28 16:39:28.323121,589,-2.439,32.757,0.0,True
2024-05-28 16:39:28.425621,590,-2.513,33.181,0.0,True
2024-05-28 16:39:28.529989,591,-2.371,33.642,0.0,True
2024-05-28 16:39:28.630660,592,-2.429,33.319,0.0,True
2024-05-28 16:39:28.735777,593,-2.476,32.896,0.0,True
2024-05-28 16:39:28.840196,594,-2.361,31.499,0.0,True
2024-05-28 16:39:28.943945,595,-2.573,30.816,0.0,True
2024-05-28 16:39:29.055686,596,-2.414,30.27,0.0,True
2024-05-28 16:39:29.158148,597,-2.593,30.324,0.0,True
2024-05-28 16:39:29.258389,598,-2.587,30.379,0.0,True
2024-05-28 16:39:29.361486,599,-2.57,30.43,0.0,True
2024-05-28 16:39:29.464167,600,-2.59,30.415,0.0,False
2024-05-28 16:39:29.567258,601,-2.673,31.058,0.0,False
2024-05-28 16:39:29.671139,602,-2.679,32.267,0.0,False
2024-05-28 16:39:29.772256,603,-2.62,33.712,0.0,False
2024-05-28 16:39:29.876594,604,-2.527,34.589,0.0,False
2024-05-28 16:39:29.978365,605,-2.611,35.11,0.0,False
2024-05-28 16:39:30.083492,606,-2.643,36.7,0.0,False
2024-05-28 16:39:30.184421,607,-2.643,38.522,0.0,True
2024-05-28 16:39:30.287155,608,-2.426,38.954,0.0,True
2024-05-28 16:39:30.390386,609,-2.283,37.27,0.0,True
2024-05-28 16:39:30.492458,610,-2.506,36.265,0.0,True
2024-05-28 16:39:30.591050,611,-2.567,36.363,0.0,True
2024-05-28 16:39:30.692264,612,-2.472,37.078,0.0,True
2024-05-28 16:39:30.794388,613,-2.34,36.673,0.0,True
2024-05-28 16:39:30.897289,614,-2.312,34.936,0.0,True
2024-05-28 16:39:31.001587,615,-2.268,33.683,0.0,True
2024-05-28 16:39:31.098110,616,-2.697,33.272,0.0,True
2024-05-28 16:39:31.201261,617,-2.267,31.868,0.0,True
2024-05-28 16:39:31.304116,618,-2.198,30.056,0.0,True
2024-05-28 16:39:31.404606,619,-2.672,29.094,0.0,False
2024-05-28 16:39:31.504158,620,-2.264,27.747,0.0,False
2024-05-28 16:39:31.601922,621,-2.407,27.458,0.0,False
2024-05-28 16:39:31.702529,622,-2.486,26.726,0.0,False
2024-05-28 16:39:31.804014,623,-2.393,26.464,0.0,False
2024-05-28 16:39:31.901624,624,-2.549,26.775,0.0,False
2024-05-28 16:39:32.007058,625,-2.407,26.854,0.0,False
2024-05-28 16:39:32.107418,626,-2.513,27.178,0.0,False
2024-05-28 16:39:32.204597,627,-2.587,27.873,0.0,False
2024-05-28 16:39:32.307578,628,-2.612,28.632,0.0,False
2024-05-28 16:39:32.408367,629,-2.549,29.481,0.0,False
2024-05-28 16:39:32.511870,630,-2.545,30.381,0.0,False
2024-05-28 16:39:32.612034,631,-2.663,31.128,0.0,False
2024-05-28 16:39:32.709379,632,-2.567,32.354,0.0,False
2024-05-28 16:39:32.811940,633,-2.546,33.834,0.0,False
2024-05-28 16:39:32.915400,634,-2.604,35.22,0.0,True
2024-05-28 16:39:33.016852,635,-2.642,35.727,0.0,True
2024-05-28 16:39:33.118363,636,-2.65,36.148,0.0,True
2024-05-28 16:39:33.222034,637,-2.641,37.251,0.0,True
2024-05-28 16:39:33.326132,638,-2.629,38.404,0.0,True
2024-05-28 16:39:33.426955,639,-2.77,39.8,0.0,True
2024-05-28 16:39:33.530765,640,-2.697,40.419,0.0,True
2024-05-28 16:39:33.634432,641,-2.687,41.046,0.0,True
2024-05-28 16:39:33.738627,642,-2.593,41.999,0.0,True
2024-05-28 16:39:33.839109,643,-2.699,43.46,0.0,True
2024-05-28 16:39:33.937598,644,-2.769,44.568,0.0,True
2024-05-28 16:39:34.035781,645,-2.577,44.706,0.0,True
2024-05-28 16:39:34.134836,646,-2.615,44.973,0.0,True
2024-05-28 16:39:34.234573,647,-2.647,45.424,0.0,True
2024-05-28 16:39:34.338290,648,-2.672,45.438,0.0,True
2024-05-28 16:39:34.448292,649,-2.631,44.497,0.0,True
2024-05-28 16:39:34.549191,650,-2.685,44.202,0.0,True
2024-05-28 16:39:34.651988,651,-2.625,45.189,0.0,True
2024-05-28 16:39:34.755039,652,-2.697,45.618,0.0,True
2024-05-28 16:39:34.862236,653,-2.512,44.729,0.0,True
2024-05-28 16:39:34.964713,654,-2.695,43.347,0.0,True
2024-05-28 16:39:35.069117,655,-2.503,43.619,0.0,True
2024-05-28 16:39:35.171524,656,-2.573,44.144,0.0,True
2024-05-28 16:39:35.276031,657,-2.589,42.958,0.0,True
2024-05-28 16:39:35.377430,658,-2.675,41.833,0.0,False
2024-05-28 16:39:35.480163,659,-2.591,41.337,0.0,False
2024-05-28 16:39:35.584169,660,-2.538,41.965,0.0,False
2024-05-28 16:39:35.686992,661,-2.704,42.184,0.0,False
2024-05-28 16:39:35.787971,662,-2.499,41.084,0.0,False
2024-05-28 16:39:35.889777,663,-2.669,39.883,0.0,False
2024-05-28 16:39:35.992638,664,-2.655,39.305,0.0,False
2024-05-28 16:39:36.093825,665,-2.475,39.716,0.0,False
2024-05-28 16:39:36.197626,666,-2.555,40.421,0.0,False
2024-05-28 16:39:36.305245,667,-2.466,39.613,0.0,False
2024-05-28 16:39:36.414251,668,-2.503,37.479,0.0,False
2024-05-28 16:39:36.522662,669,-2.703,36.243,0.0,False
2024-05-28 16:39:36.635802,670,-2.278,36.067,0.0,False
2024-05-28 16:39:36.744881,671,-2.508,36.343,0.0,False
2024-05-28 16:39:36.846067,672,-2.693,36.533,0.0,False
2024-05-28 16:39:36.954168,673,-2.659,36.125,0.0,False
2024-05-28 16:39:37.058119,674,-2.551,35.326,0.0,False
2024-05-28 16:39:37.162294,675,-2.594,34.952,0.0,False
2024-05-28 16:39:37.266641,676,-2.38,34.648,0.0,False
